gsd_min,1.75
gsd_max,4.0
gsd_step,0.05
mmad_min,0.5
mmad_max,30.0
mmad_step,0.5
dp_min,1.0
dp_max,18.0
dp_step,1.0
data_set,optimised
compare,inhalible
set_dp,True
area_of_intrest,True
max_value,400

###,-0.5096789668543642,-1.6101053615330836,-3.7115223008421556,-6.593319151822322,-9.957354449799674,-13.57094540906147,-17.274230548390097,-20.962241461888535,-24.568225745824183,-28.051411787244874,-31.38848956309934,-34.567774623982814,-37.585237129141305,-40.44180939270369,-43.14156465346076,-45.69048819544349,-48.09565114464777,-50.36465825856804,-52.50528239052961,-54.525226269269986,-56.43197112602299,-58.23268449036516,-59.9341681615702,###,###,###,###,###,###,###,###,###,###,###,###,###,###,###,###,###,###,###,###,###,###,###,###,###,###,###,###,###,###,###,###,###,###,###,###,
###,-0.6338050199811774,-1.9294359685088198,-4.166135084161918,-7.06217359284033,-10.32964978043264,-13.765043924332836,-17.237290995036556,-20.66467703043669,-23.997612744947943,-27.207295705133465,-30.27838182745013,-33.20422650708621,-35.983769278138226,-38.619480269235126,-41.116000318175125,-43.47923873108413,-45.715775461943025,-47.83246713083532,-49.83619021736713,-51.73367687330549,-53.53141335576533,-55.23558075602869,-56.85202418117964,-58.38624092211578,-59.843381116432425,###,###,###,###,###,###,###,###,###,###,###,###,###,###,###,###,###,###,###,###,###,###,###,###,###,###,###,###,###,###,###,###,###,###,
###,-0.7822863517345017,-2.2589688069879266,-4.598095532851776,-7.484758662773275,-10.650400443778837,-13.919423006736672,-17.184925892750353,-20.383573468385155,-23.47894133971653,-26.45128391754393,-29.2912626395394,-31.996045456618365,-34.566841843174906,-37.00732447736152,-39.32260952669875,-41.51859488104853,-43.60153092998465,-45.5777440362322,-47.453461056069536,-49.23470105613512,-50.92721179901362,-52.53643600669623,-54.067497312427726,-55.52519907618336,-56.91403143334233,-58.238183432312496,###,###,###,###,###,###,###,###,###,###,###,###,###,###,###,###,###,###,###,###,###,###,###,###,###,###,###,###,###,###,###,###,###,
###,-0.9523711778469656,-2.5925105472092502,-5.00617708970893,-7.866179829688772,-10.928062107914789,-14.0420773214635,-17.121641121730512,-20.118094160463624,-23.005219642458144,-25.77018043319891,-28.408182508744595,-30.919272406337605,-33.30637754742977,-35.57408806077784,-37.72789151150338,-39.7736899678253,-41.71749602627965,-43.56524372889098,-45.32267390675617,-46.99526798200086,-48.5882133456035,-50.106389221633485,-51.55436567718713,-52.936410893800414,-54.25650344287657,-55.518347394322895,-56.72538881845861,###,###,###,###,###,###,###,###,###,###,###,###,###,###,###,###,###,###,###,###,###,###,###,###,###,###,###,###,###,###,###,###,
###,-1.1407292699994251,-2.925240260232341,-5.3901989367199015,-8.211139422497018,-11.169654336004081,-14.139432751808078,-17.05100845929826,-19.867555156166006,-22.57085527280754,-25.15338652392833,-27.61380962922627,-29.95434218483422,-32.17919956842943,-34.293654971765605,-36.30346756723414,-38.214534266325,-40.032679631400775,-41.76353224617496,-43.41245563241276,-44.984513679026904,-46.484457835424045,-47.91672787271018,-49.28546090536549,-50.594505224226,-51.847436700010505,-53.047576309286924,-54.19800785804243,-55.30159532481704,###,###,###,###,###,###,###,###,###,###,###,###,###,###,###,###,###,###,###,###,###,###,###,###,###,###,###,###,###,###,###,
###,-1.3438581778527317,-3.2535208636407327,-5.750655876926271,-8.523860625549883,-11.380965833793844,-14.21661796713017,-16.975807238807064,-19.63133006525709,-22.171300464302696,-24.59231990473295,-26.895688433646264,-29.085260036629485,-31.166206575433037,-33.144296641003606,-35.02547323521564,-36.815608405536224,-38.52036430709438,-40.145118938175784,-41.69493134178283,-43.17453081003903,-44.58832048809822,-45.940389362916896,-47.234528854228294,-48.47425163098353,-49.66281117100066,-50.80322115470788,-51.898274152605865,-52.95055930341598,-53.96247883205491,###,###,###,###,###,###,###,###,###,###,###,###,###,###,###,###,###,###,###,###,###,###,###,###,###,###,###,###,###,###,
###,-1.558356891572056,-3.5746953214901698,-6.088460681318685,-8.8080813629078,-11.566757715119602,-14.277709266573849,-16.89816239441352,-19.40879746333681,-21.802785694421516,-24.079953965699136,-26.243628500322824,-28.29889571836876,-30.251630325438878,-32.10794904452129,-33.873905698046826,-35.55532554204045,-37.157720890949406,-38.68625442051405,-40.14573031056091,-41.54060136024363,-42.87498491257373,-44.152683248637366,-45.37720583004069,-46.551791824688124,-47.6794320053143,-48.76288951664835,-49.80471925913347,-50.807285792155184,-51.77277975345428,-52.70323284627694,-53.60053147609869,###,###,###,###,###,###,###,###,###,###,###,###,###,###,###,###,###,###,###,###,###,###,###,###,###,###,###,###,
###,-1.7810909624136415,-3.8868945993846493,-6.404767221390937,-9.067082501404883,-11.730946143295512,-14.325940177326727,-16.819670625213163,-19.19931880555546,-21.462127561249194,-23.61046488316477,-25.64921914946382,-27.58440348627235,-29.42240226287708,-31.169566498378177,-32.832002448811686,-34.41546852755989,-35.925333274636166,-37.36656752533758,-38.74375531432072,-40.06111452898817,-41.32252207749045,-42.53154054030838,-43.69144458246141,-44.805246184656646,-45.875718218780136,-46.90541617078837,-47.896697976600265,-48.85174202887283,-49.77256346193658,-50.6610288455145,-51.51886942557829,-52.34769304928969,###,###,###,###,###,###,###,###,###,###,###,###,###,###,###,###,###,###,###,###,###,###,###,###,###,###,###,
###,###,-4.1888693250027496,-6.700850813144143,-9.303730758599944,-11.876758271893275,-14.363874905464888,-16.741510051695414,-19.002234909394303,-21.146592869947536,-23.178966415271418,-25.10545231430105,-26.932758255333827,-28.667631501947977,-30.316570375917358,-31.88568824622882,-33.38066020716365,-34.806714284648926,-36.168645997829415,-37.47084442374686,-38.71732312344348,-39.91175224341988,-41.05748980006226,-42.15761112992518,-43.21493604929305,-44.23205358502215,-45.2113443151341,-46.15500045045495,-47.0650438323705,-47.943342037122285,-48.79162277635399,-49.611486774233796,-50.404419287832745,-51.17180042213211,###,###,###,###,###,###,###,###,###,###,###,###,###,###,###,###,###,###,###,###,###,###,###,###,###,###,
###,###,-4.479848591740641,-6.978028659392899,-9.520525835622475,-12.006861583822486,-14.393548705170586,-16.664532043309315,-18.816872056627822,-20.853802872576264,-22.781312037729414,-24.60643285964823,-26.33639055121603,-27.97818385611745,-29.538392511562765,-31.02310268156104,-32.43789362403667,-33.787855255523915,-35.07762024038944,-36.31140176574002,-37.49303229144058,-38.62600084957855,-39.71348773690642,-40.75839614529021,-41.76338065615052,-42.73087272388774,-43.6631033690624,-44.56212333982989,-45.429821005896294,-46.267938238154095,-47.078084507881805,-47.86174941689742,-48.62031384710767,-49.35505989595485,-50.06717974404747,###,###,###,###,###,###,###,###,###,###,###,###,###,###,###,###,###,###,###,###,###,###,###,###,###,
###,###,-4.7594249412521705,-7.237608159311813,-9.719646434797271,-12.123469380452772,-14.416579830506715,-16.58933604614181,-18.64255192071089,-20.581665226162336,-22.41394712562484,-24.147156860060772,-25.788901477109803,-27.34634660603856,-28.82610387170523,-30.2342068339924,-31.576130089956557,-32.8568279297287,-34.08078025409654,-35.252039448591454,-36.374275109616114,-37.450815234064976,-38.48468339662391,-39.47863191283198,-40.435171219120356,-41.35659580255513,-42.24500704361401,-43.102333328956945,-43.93034776676331,-44.730683805295776,-45.50484902160451,-46.25423731466546,-46.9801397071729,-47.68375393323698,-48.36619296546006,-49.02849261413388,-49.67161831334306,###,###,###,###,###,###,###,###,###,###,###,###,###,###,###,###,###,###,###,###,###,###,###,
###,###,-5.027462581016184,-7.480854432362485,-9.902992667055695,-12.22842601018617,-14.434257999085698,-16.51632934540698,-18.478601977989413,-20.328324732017773,-22.073797675637582,-23.723341520607633,-25.284840598158876,-26.765563141554704,-28.172115694033874,-29.510460856319558,-30.785962896864287,-32.00344341077694,-33.167238219118495,-34.28125134649982,-35.34900431841779,-36.37368025065079,-37.35816281445022,-38.30507044440745,-39.21678626617512,-40.09548424243443,-40.94315201288718,-41.76161086200079,-42.55253319966726,-43.317457891494676,-44.05780373031982,-44.7748813000205,-45.469903447144254,-46.14399454506591,-46.79819870893542,-47.43348709707416,-48.05076441522454,-48.65087472367943,###,###,###,###,###,###,###,###,###,###,###,###,###,###,###,###,###,###,###,###,###,###,
###,###,-5.284025254727454,-7.708970978253335,-10.072223895784987,-12.323275400098579,-14.44761391011773,-16.445774088432195,-18.324364714362076,-20.092126717462794,-21.75818551744417,-23.331293886146153,-24.819532454520804,-26.230223170100064,-27.56994010570851,-28.844562008996327,-30.059339708236056,-31.218965559898066,-32.327639112895376,-33.38912664846494,-34.406813971546704,-35.38375264546872,-36.32270021719033,-37.22615510262373,-38.096386809053776,-38.9354621262072,-39.745267851089984,-40.527530540526755,-41.28383371720798,-42.01563289336302,-42.72426872201891,-43.410978539108285,-44.07690651987432,-44.723112639290655,-45.35058059774762,-45.9602248492761,-46.552896849388475,-47.1293906226096,-47.690447735429615,###,###,###,###,###,###,###,###,###,###,###,###,###,###,###,###,###,###,###,###,###,
###,###,-5.529320233448192,-7.923089225604199,-10.228791871624974,-12.409316068211872,-14.45747371795552,-16.37782386905448,-18.17920495108273,-19.87158896186722,-21.46476274122545,-22.967808568169275,-24.388940331665985,-25.7354964896191,-27.013998536189117,-28.230232647451643,-29.389335091021383,-30.49587290452516,-31.553916578715153,-32.56710395700001,-33.53869568772356,-34.47162302551855,-35.368528915231174,-36.23180327786882,-37.06361333900161,-37.865929738867244,-38.64054906066224,-39.38911331836522,-40.11312686137053,-40.8139710808385,-41.49291724130442,-42.15113770951745,-42.78971580935857,-43.409654495719465,-44.01188401024779,-44.597268656875336,-45.16661281418888,-45.7206662842683,-46.26012906301194,-46.78565560470601,###,###,###,###,###,###,###,###,###,###,###,###,###,###,###,###,###,###,###,###,
###,###,-5.7636552587703616,-8.124264014627114,-10.373969411667783,-12.48764529947054,-14.464501676345709,-16.312551943770636,-18.042515180220974,-19.665379478516638,-21.191460158997096,-22.63008721435302,-23.989558497994796,-25.27720067331468,-26.49946806837264,-27.6620487265886,-28.76996473738564,-29.82766208816976,-30.839088976256,-31.807763120250236,-32.73682922319091,-33.62910789374342,-34.48713728223874,-35.31320855839081,-36.109396205382446,-36.87758395705437,-37.61948707189111,-38.33667152255792,-39.03057058262119,-39.70249921105019,-40.35366656795896,-40.985186939622835,-41.59808930511018,-42.19332573919488,-42.77177881511612,-43.33426814503361,-43.881556174712436,-44.4143533312584,-44.93332260796642,-45.439083658009935,-45.93221645836077,###,###,###,###,###,###,###,###,###,###,###,###,###,###,###,###,###,###,###,
###,###,-5.987405740739311,-8.313472967312787,-10.508875050936,-12.559194682535841,-14.469233536547721,-16.249972842430445,-17.913719084193023,-19.472298403878195,-20.936446131188628,-22.315674362950595,-23.618326229256162,-24.8516950962337,-26.022157720450245,-27.135300816796875,-28.196033780937597,-29.20868604390425,-30.177089895432808,-31.1046504532657,-31.994404625734425,-32.84907080538758,-33.67109082193478,-34.46266545398603,-35.225784584928974,-35.96225290093182,-36.67371187069448,-37.361658615204654,-38.027462167902186,-38.672377537574036,-39.2975579145279,-39.90406530211764,-40.492879808004915,-41.06490779057037,-41.620989023963475,-42.161903019049696,-42.68837461589801,-43.20107894557426,-43.70064584417827,-44.18766378971524,-44.662683422080455,-45.12622069779449,-45.57875972385788,###,###,###,###,###,###,###,###,###,###,###,###,###,###,###,###,###,
###,###,-6.2009899882152,-8.49161833461264,-10.634494148112585,-12.624758774533584,-14.472102741389328,-16.190058822602087,-17.792273530161637,-19.29126285809012,-20.69809316081576,-22.0224057514793,-23.272558586741983,-24.45579545361358,-25.578408298418925,-26.64588106768696,-27.663012731145088,-28.634020770458417,-29.56262760793716,-30.452132628949368,-31.30547223845249,-32.12527005522051,-32.913879000487015,-33.67341672449628,-34.40579554764829,-35.112747872301355,-35.795847841700244,-36.45652987747282,-37.09610461044562,-37.715772625712596,-38.316636367391965,-38.89971048762618,-39.46593087514933,-40.01616255880428,-40.55120664887505,-41.071806452523596,-41.57865287782219,-42.07238922292002,-42.553615432044644,-43.02289188772627,-43.48074279837908,-43.92765923180357,-44.364101837984805,-44.79050329851022,###,###,###,###,###,###,###,###,###,###,###,###,###,###,###,###,
###,###,-6.404850679599991,-8.65953035443335,-10.751696919798368,-12.685018300251796,-14.473461013199445,-16.132752331266037,-17.67766935424279,-19.12129403290396,-20.474950405534067,-21.74836619272282,-22.949890168847045,-24.086704284417348,-25.16501083413582,-26.19019084788991,-27.16693567355966,-28.09935547090687,-28.991068505388096,-29.845274734827104,-30.664816636147172,-31.45222968628023,-32.20978444642793,-32.9395218133886,-33.64328269004527,-34.32273307836064,-34.97938540080729,-35.61461669976965,-36.22968424048027,-36.825738944569565,-37.4038370028266,-37.96494995300144,-38.509973458067606,-39.03973497971219,-39.555000508889734,-40.056480488486756,-40.544835041254665,-41.020678598206814,-41.484584007875384,-41.9370861945774,-42.378685423666795,-42.80985022326828,-43.231020004886375,-43.64260741932083,-44.04500047929098,###,###,###,###,###,###,###,###,###,###,###,###,###,###,###,
###,###,-6.5994411500283086,-8.817971464045364,-10.861253840608494,-12.740558998821673,-14.473594578311138,-16.077975393300072,-17.569431228462776,-18.96150601226078,-20.265720777286088,-21.491854886795696,-22.648228993150173,-23.741954068354556,-24.7791397285054,-25.76506487808411,-26.704316395308354,-27.600901693884396,-28.45834027310854,-29.279738471074634,-30.067850801555203,-30.825130552438644,-31.553771757060517,-32.255744202460775,-32.9328227888255,-33.58661228182856,-34.218568287211134,-34.83001511108707,-35.422161039501056,-35.99611146849471,-36.55288023508233,-37.09339943529803,-37.61852796418455,-38.129058971431895,-38.62572639317748,-39.109210693576564,-39.58014392784494,-40.03911422055311,-40.48666973822559,-40.92332222314238,-41.34955014516693,-41.76580152004025,-42.172496435578,-42.57002932133366,-42.958770992346984,-43.33907049342308,###,###,###,###,###,###,###,###,###,###,###,###,###,###,
###,###,-6.785215375436991,-8.967640926018447,-10.963848797949346,-12.791886996351638,-14.47273699126601,-16.02563664512145,-17.46711686202838,-18.81109598787151,-20.069241659972644,-21.25135658335102,-22.365718362165307,-23.41936026917114,-24.418297586920662,-25.367708559606005,-26.272078955005906,-27.135317911790807,-27.960851242381445,-28.751697027295158,-29.51052725222645,-30.239718389750198,-30.9413931735258,-31.617455312604136,-32.26961851117995,-32.8994308664662,-33.50829549244367,-34.097488043535776,-34.668171677386184,-35.221409890592795,-35.75817757852061,-36.27937060495409,-36.78581411541156,-37.278269786439566,-37.75744216985846,-38.22398426399398,-38.67850242205995,-39.12156069001472,-39.553684651586515,-39.9753648461165,-40.38705981490423,-40.78919882346377,-41.182184300195004,-41.56639402619535,-41.942183106078616,-42.30988574557092,-42.6698168581847,###,###,###,###,###,###,###,###,###,###,###,###,###,
###,###,-6.962620779877053,-9.10917957632477,-11.060090339732637,-12.839441397471289,-14.471079304107503,-15.975636570301225,-17.37031574227424,-18.66933563150636,-19.88446852722361,-21.025517401919462,-22.100705081029922,-23.116982305863004,-24.080269406217155,-24.99564590525093,-25.867499922347502,-26.699646650043928,-27.495422991220636,-28.257763727132623,-28.98926328450495,-29.692226193662968,-30.36870860034902,-31.020552648239025,-31.649415139267067,-32.25679156920634,-32.844036400526385,-33.41238025434758,-33.96294456443451,-34.49675412840188,-35.01474790711731,-35.51778835708234,-36.00666952818386,-36.482124117496866,-36.944829636413075,-37.3954138214637,-37.83445939741827,-38.26250828350471,-38.68006531909028,-39.08760157323655,-39.48555729269702,-39.87434453476045,-40.25434952454229,-40.62593477064235,-40.989440968313204,-41.345188715264015,-41.693480061824786,-42.034599914312516,-42.368817307985715,###,###,###,###,###,###,###,###,###,###,###,
###,###,-7.132093188193327,-9.243174506618121,-11.150521305281766,-12.883604642897334,-14.468778157617937,-15.92787136632699,-17.278647576947872,-18.53556344895602,-19.710460919389057,-20.813124404177163,-21.851712776978164,-22.833090892952868,-23.763084289361252,-24.646676031974877,-25.48816008078295,-26.291261844475272,-27.059233802901318,-27.79493202814297,-28.500877943266396,-29.179308571764036,-29.832217736552956,-30.46139008293572,-31.068429366529273,-31.654782123181292,-32.22175759370335,-32.770544590700624,-33.30222585265554,-33.817790320725635,-34.31814368841143,-34.804117507443685,-35.27647708055811,-35.73592833001801,-36.18312379735249,-36.618667902954456,-37.04312157251058,-37.45700631963121,-37.860807859674246,-38.25497931796496,-38.63994408589,-39.016098370293875,-39.38381347491065,-39.743437846971574,-40.095298917442626,-40.43970475939998,-40.77694558572013,-41.10729510443725,-41.431011747717875,-41.748339788355416,###,###,###,###,###,###,###,###,###,###,
###,###,-7.294053400375811,-9.370163563803759,-11.235627086347728,-12.924711065809955,-14.465962241377047,-15.882235772010725,-17.191760561423386,-18.40917798155909,-19.54637036490005,-20.613088220810557,-21.617419354164866,-22.566140537892196,-23.46498326051948,-24.318836606535356,-25.1319038381977,-25.9078245614357,-26.649771041465662,-27.36052489437463,-28.04253872483695,-28.697986099088897,-29.328802392365805,-29.936718432366227,-30.523288406973855,-31.089913168446348,-31.63785981481308,-32.16827823929882,-32.68221519387348,-33.18062630183173,-33.66438636817887,-34.134298269382114,-34.59110065121009,-35.03547462156333,-35.468049591883485,-35.889408394027505,-36.30009177796173,-36.700602378175304,-37.09140822248451,-37.472945845243444,-37.845623057380955,-38.20982141774904,-38.56589844367673,-38.91418959312606,-39.25501004624102,-39.58865631021127,-39.91540766810384,-40.23552748955149,-40.54926441883493,-40.85685345389275,-41.158516928079216,###,###,###,###,###,###,###,###,###,
###,###,-7.448904984404926,-9.490639598569707,-11.315842727160282,-12.963053990290025,-14.462737469433002,-15.838625107800613,-17.109329562888348,-18.289631748364847,-19.391429922160192,-20.42442818970925,-21.396637829603463,-22.314746246372554,-23.184392057186216,-24.01037297042515,-24.796804946888855,-25.5472455825128,-26.264790872094572,-26.952151920097243,-27.61171636548711,-28.245598024388496,-28.855677356486375,-29.44363471515368,-30.010977871091438,-30.559064953171717,-31.089123692706682,-31.6022676638963,-32.09951006644678,-32.581775484019964,-33.04990996546785,-33.50468970834404,-33.94682857129743,-34.37698460019823,-34.79576571965731,-35.20373471505046,-35.60141360879099,-35.9892875173008,-36.36780806105407,-36.737396388553755,-37.098445865634375,-37.45132447366606,-37.79637695374756,-38.13392672856985,-38.46427762910934,-38.7877154495108,-39.10450935031721,-39.41491312749278,-39.71916636238553,-40.017495465813965,-40.31011462778831,-40.597226682939855,###,###,###,###,###,###,###,###,
###,###,-7.59703297811661,-9.605054427386369,-11.391559039729987,-12.998891644898622,-14.459191141327423,-15.79693672174213,-17.03105428827561,-18.17642584070311,-19.24494508494017,-20.246259577081805,-21.18829995588025,-22.077663686256088,-22.919898009765603,-23.71971193107307,-24.48113741448721,-25.207653648750718,-25.902284052950343,-26.56767288101539,-27.20614635887103,-27.819761954178922,-28.41034843962017,-28.979538740625095,-29.528797074059334,-30.05944152989899,-30.572662985547712,-31.069541046148846,-31.551057555905942,-32.018108112269594,-32.47151192776844,-32.91202031668989,-33.34032403097312,-33.75705962804543,-34.16281502030836,-34.55813432960903,-34.943522148844885,-35.31944729572523,-35.686346129797386,-36.04462549247412,-36.394665320463204,-36.73682097529592,-37.07142532526782,-37.39879061078774,-37.71921011969037,-38.03295969533668,-38.34029909718611,-38.64147323086822,-38.93671326252738,-39.226237630295216,-39.510252964107615,-39.788954923678304,-40.06252896323535,###,###,###,###,###,###,###,
###,###,-7.738803263185414,-9.713822494358434,-11.463127882783247,-13.032452109405588,-14.455395298848044,-15.757070988145038,-16.95665748296874,-18.069105094384987,-19.106285844159526,-20.07778253973775,-20.991442157825364,-21.85377221391099,-22.670230299398597,-23.445439409220192,-24.18335070793943,-24.88736839219719,-25.5604467655623,-26.205166632568115,-26.8237960873768,-27.41833937716049,-27.990576546098193,-28.542095875398932,-29.074320638454054,-29.588531328826136,-30.08588425242989,-30.56742717674003,-31.03411258034158,-31.486808932423475,-31.926310344532993,-32.35334486934359,-32.768581668462836,-33.1726372298494,-33.566080782580144,-33.94943903053598,-34.32320030557989,-34.687818223853654,-35.04371491506575,-35.391283883418026,-35.73089254961162,-36.06288451578444,-36.38758158894764,-36.705285593262865,-37.01627999713526,-37.32083137743794,-37.61919074010003,-37.9115947136869,-38.19826663039389,-38.47941750699434,-38.75524693668068,-39.02594390136337,-39.29168751281366,-39.55264769001962,-39.80898577924889,###,###,###,###,###,
###,###,-7.874562430371536,-9.817324233591027,-11.530866729205824,-13.063937469342047,-14.45140944306785,-15.718931971023729,-16.885883192193177,-17.96725377491663,-18.974879736907774,-19.918272552942675,-20.805193403530563,-21.64206028477574,-22.434243024776528,-23.186281290924644,-23.902048526263197,-24.58487716766206,-25.237655643793804,-25.86290447235372,-26.46283665099348,-27.03940608836656,-27.594346817432715,-28.12920502541758,-28.64536542859428,-29.144073153001365,-29.626452012695108,-30.093519876917647,-30.5462016672061,-30.985340411413787,-31.411706694278056,-31.82600677670655,-32.228889603406536,-32.62095287724087,-33.002748346085625,-33.374786422010224,-33.73754023180352,-34.091449181107016,-34.43692210082668,-34.77434003341452,-35.104058707534165,-35.42641074214825,-35.74170761488048,-36.05024142436527,-36.352286472007165,-36.64810068497857,-36.93792689925752,-37.22199401895607,-37.50051806602288,-37.773703132565416,-38.041742246465446,-38.30481815961876,-38.5631040669764,-38.8167642635713,-39.065954745857454,-39.310823762945994,###,###,###,###,
###,###,-8.004637998370113,-9.915909141751149,-11.595062627107646,-13.093527318866988,-14.44728274080029,-15.68242783762715,-16.81849510563472,-17.870491719145853,-18.850205742950596,-19.76707207940245,-20.62876470228458,-21.44161286168701,-22.210900617914962,-22.94108695705828,-23.635970554870454,-24.298815144751128,-24.93244631614154,-25.53932724346783,-26.12161863969078,-26.681226735162056,-27.219842052668596,-27.738971027297016,-28.239962005327335,-28.724026784745742,-29.192258587985865,-29.64564715604397,-30.085091502213096,-30.511410749477434,-30.925353388343186,-31.327605224600504,-31.7187962341972,-32.099506501410694,-32.47027138413954,-32.83158602440817,-33.183909301589765,-33.52766730927607,-33.863256423296875,-34.19104601746013,-34.511380874630554,-34.82458333340229,-35.130955204531055,-35.43077948623658,-35.724321903268795,-36.01183229110024,-36.293545843637496,-36.56968424033993,-36.84045666651078,-37.10606073872281,-37.36668334580222,-37.622501414479196,-37.87368260768525,-38.12038596250436,-38.36276247394934,-38.600955630006425,-38.83510190276443,###,###,###,
###,###,-8.129338881831195,-10.009898575915471,-11.655975643057854,-13.121381725380083,-14.44305582213031,-15.647471086937687,-16.754274997416562,-17.778470883385246,-18.731788912109444,-19.62358329494995,-20.461439978432182,-21.251600506332842,-21.999265234660825,-22.708815061281264,-23.383976722904656,-24.02794813756312,-24.643494900258407,-25.233025584673957,-25.798651227668085,-26.342232841121994,-26.865419744259313,-27.36968077521445,-27.85632991951096,-28.32654751787199,-28.781397941943275,-29.221844424186045,-29.648761577000105,-30.062946021949077,-30.465125462868876,-30.85596646960791,-31.236081187110297,-31.60603314383283,-31.96634230138045,-32.317489461754725,-32.65992012823313,-32.99404789950877,-33.32025746346132,-33.63890724613935,-33.95033176271027,-34.25484370987801,-34.552735833275406,-34.84428259836372,-35.12974168922692,-35.40935535617823,-35.68335163018104,-35.951945419627364,-36.21533950293541,-36.4737254286594,-36.72728433329725,-36.97618768569435,-37.22059796583461,-37.46066928486051,-37.69654795234378,-37.92837299611756,-38.156276639367675,-38.380384739143295,###,###,
###,###,-8.248956029649067,-10.099588294750667,-11.713841862173444,-13.147643747823611,-14.438762249324407,-15.61397864241519,-16.693021267454174,-17.69087225368338,-18.619195624402597,-19.487261718177862,-20.30256811470605,-21.07126989589093,-21.798485813561893,-22.488521205305638,-23.145033571540413,-23.771157743272685,-24.369601988399857,-24.94272283777099,-25.492584075610665,-26.021003773690822,-26.529592178972415,-27.019782520114077,-27.49285627174084,-27.94996403732874,-28.392142936380218,-28.820331178713577,-29.235380357415174,-29.638065877963044,-30.029095854204392,-30.40911873514378,-30.778729874771106,-31.138477216734646,-31.488866233831885,-31.83036423704201,-32.16340414866512,-32.488387817933884,-32.80568894436787,-33.11565566349518,-33.418612840864164,-33.714864113119155,-34.00469370901378,-34.28836807834052,-34.56613735267871,-34.838236658453944,-35.104887299936564,-35.366297827395,-35.62266500357434,-35.87417467993843,-36.1210025926346,-36.363315086878075,-36.60126977736995,-36.83501615143199,-37.06469612073804,-37.29044452682847,-37.51238960499125,-37.73065341057081,-37.945352211309334,###,
###,###,-8.363763174207843,-10.185250762374668,-11.768876008145734,-13.172441583490722,-14.434429720767694,-15.581871846352335,-16.6345475858529,-17.607403078810936,-18.512029399827693,-19.357610616593615,-20.151555994055812,-20.899935552023045,-21.60778855075333,-22.27934722234293,-22.918202410394994,-23.527428436156434,-24.10967874296677,-24.667260207143148,-25.202191614895703,-25.71625021158248,-26.21100914475376,-26.687867869961156,-27.148077057554783,-27.59275915856852,-28.02292551172273,-28.43949067048479,-28.843284477953556,-29.23506230356385,-29.61551376911936,-29.98527022528737,-30.34491118830447,-30.694969906529984,-31.035938194934065,-31.368270650607645,-31.692388342440097,-32.00868205210073,-32.3175151305283,-32.619226023626965,-32.91413051228904,-33.202523704818596,-33.48468181402073,-33.7608637464031,-34.03131252692834,-34.29625657940201,-34.5559108797682,-34.810477997213184,-35.06014903597258,-35.305104489035394,-35.545515013488966,-35.781542136011055,-36.01333889595359,-36.24105043255055,-36.464814521996374,-36.684762069461655,-36.90101756052277,-37.11369947597157,-37.32292067352426,-37.52878873955914,
###,###,-8.474017647279654,-10.267137234465308,-11.821273736581963,-13.195890404453728,-14.430081060547288,-15.55107638411467,-16.578681638987238,-17.52779439083806,-18.40992718695996,-19.234176082338166,-20.007862397497764,-20.73697260556088,-21.42646858182368,-22.080511829454267,-22.702628994848332,-23.295836324364704,-23.862734786421306,-24.405583835208652,-24.92635935932934,-25.426799741729646,-25.90844285987045,-26.372656096070795,-26.820660893945696,-27.253553015273337,-27.672319375054812,-28.077852129451337,-28.470960540365763,-28.852381027036568,-29.22278572892355,-29.582789838182894,-29.932957909007495,-30.273809311325746,-30.605822965089374,-30.929441466635083,-31.245074698882053,-31.553103001304905,-31.853879962852915,-32.14773489061965,-32.434974998606904,-32.715887353984044,-32.99074061252187,-33.25978657013752,-33.523261553542646,-33.78138766969083,-34.03437393095423,-34.28241727062995,-34.52570346140779,-34.764407947760326,-34.99869660179353,-35.228726410882665,-35.45464610437637,-35.67659672575904,-35.89471215588978,-36.10911959227142,-36.319939988725345,-36.52728845934692,-36.73127465018006,-36.93200308166784,
###,###,-8.579961229755583,-10.345479645703247,-11.871213646912743,-13.218093933727626,-14.425735034074663,-15.52152215959918,-16.525263973867265,-17.451798782013604,-18.31255606972528,-19.116542687189725,-19.87099263858511,-20.581810449424008,-21.253882696566507,-21.89130244973982,-22.49753450204796,-23.075539325943783,-23.627867622728193,-24.156733513479704,-24.664071948573056,-25.151584276223993,-25.620774802838092,-26.07298041379288,-26.509394786879454,-26.931088348115967,-27.33902484291248,-27.73407519270891,-28.117029156683465,-28.4886052051836,-28.84945892589488,-29.20019021820649,-29.541349480594654,-29.87344295639846,-30.19693737239705,-30.512263980104876,-30.819822090197324,-31.119982174844708,-31.413088600123007,-31.699462040440245,-31.979401618573572,-32.25318680806965,-32.52107912912342,-32.783323664381996,-33.04015041723817,-33.29177553193607,-33.53840239209169,-33.780222611942634,-34.0174169327057,-34.25015603478141,-34.47860127514809,-34.70290535809609,-34.92321294643217,-35.1396612194074,-35.352380382865775,-35.56149413645907,-35.76712010220729,-35.96937021819356,-36.16835110075429,-36.364164378153326,
###,###,-8.681821011159556,-10.42049231672766,-11.918859051301979,-13.239145802413669,-14.42140702208849,-15.49314313795106,-16.474146936094712,-17.379188410077326,-18.2196103402162,-19.004329640280982,-19.740493833926497,-20.4339271560552,-21.089442940899204,-21.71106803795909,-22.302207619926172,-22.865768560653198,-23.4042533705868,-23.919832794721223,-24.414402675445462,-24.889629029574834,-25.346984172995008,-25.787775958295306,-26.21317165272936,-26.624217600868754,-27.021855539713886,-27.406936231570565,-27.780230929987464,-28.142441081625297,-28.494206581791826,-28.836112836269855,-29.168696831825624,-29.49245237868665,-29.807834657609313,-30.11526417992018,-30.415130249629367,-30.707794001264077,-30.993591074619854,-31.272833977530883,-31.545814179531895,-31.81280397253836,-32.074058129118285,-32.329815384330196,-32.58029976328226,-32.825721773375996,-33.066279477524766,-33.30215946238578,-33.53353771374422,-33.76058040957502,-33.98344463993872,-34.20227906169553,-34.417224495022154,-34.62841446785356,-34.835975713632564,-35.04002862710898,-35.24068768237642,-35.43806181685352,-35.63225478449713,-35.82336548117001,
###,###,-8.779810241576639,-10.492373497638042,-11.964359533275555,-13.259130721898197,-14.417109579016113,-15.465877167534728,-16.425193695943353,-17.309753207194074,-18.130808892580756,-18.897187383298743,-19.61595072464416,-20.292844555090976,-20.932610983407642,-21.53921276983479,-22.1159975934071,-22.665820786856592,-23.191138624024727,-23.69408030925549,-24.176504288789385,-24.64004283775428,-25.086137754074002,-25.516069219740867,-25.930979350886624,-26.331891575058826,-26.719726697894945,-27.095316319489584,-27.45941411134391,-27.812705352945837,-28.15581504242706,-28.48931483110778,-28.81372898191103,-29.129539512882303,-29.43719065668259,-29.73709274294174,-30.029625591290078,-30.31514148761926,-30.593967803828477,-30.866409311347397,-31.132750230609886,-31.39325605200235,-31.648175158337395,-31.897740274374193,-32.142169765145795,-32.3816688017137,-32.616430410338396,-32.84663641884238,-33.07245831207255,-33.294058006785164,-33.511588554929816,-33.725194783159246,-33.9350138754092,-34.141175904546564,-34.34380431835841,-34.543016384525544,-34.73892359868158,-34.931632059185546,-35.12124281182643,-35.3078521673192,
###,###,-8.874129163706751,-10.561306763808155,-12.00785232397652,-13.278125499355594,-14.412852896630596,-15.439665790076425,-16.37827735671345,-17.243299270434566,-18.045892899074964,-18.79479456738237,-19.496981976446833,-20.15812388298317,-20.782893143019923,-21.375190477178727,-21.938308096487525,-22.475051739654596,-22.987833284953783,-23.47874211939086,-23.949600896188525,-24.40200963452598,-24.837380988356035,-25.25696873837496,-25.661891021808593,-26.05314943195356,-26.431644843798207,-26.798190620849187,-27.153523709569328,-27.498314016629386,-27.833172380135174,-28.15865738184763,-28.475281198003422,-28.78351464795308,-29.08379156976948,-29.376512628252076,-29.662048641897236,-29.94074350032126,-30.21291673147828,-30.478865768181095,-30.738867955424098,-30.993182333450527,-31.24205122611062,-31.48570165959669,-31.724346632935223,-31.958186258526737,-32.18740878843312,-32.4121915399372,-32.6327017320597,-32.849097243162284,-33.061527298441916,-33.27013309499241,-33.47504837114258,-33.67639992595229,-33.874308094032074,-34.06888718023774,-34.26024585825658,-34.44848753663911,-34.633710695428306,-34.81600919618545,
###,###,-8.964965816595386,-10.627462278480246,-12.049463519902917,-13.296199920058054,-14.408645189928885,-15.414454045546503,-16.333280139394475,-17.17964741417069,-17.964623734528903,-18.69685536384932,-19.38323689661645,-20.029361929530943,-20.639835990041743,-21.218499729035457,-21.768591819085938,-22.2928702486115,-22.793704236262393,-23.273144971527973,-23.73298081781009,-24.17478092878052,-24.59993009828017,-25.00965689022588,-25.40505655568415,-25.787109862155422,-26.15669868528822,-26.514619012855515,-26.861591862864252,-27.19827250714259,-27.525258308297378,-27.843095414292286,-28.152284505913943,-28.453285754362646,-28.74652311643995,-29.032388071332953,-29.31124288435213,-29.583423468073498,-29.849241899342555,-30.108988640889034,-30.362934508399515,-30.611332417428734,-30.85441893921032,-31.0924156900327,-31.325530575196183,-31.553958905523405,-31.77788440184682,-31.997480100754917,-32.2129091730707,-32.424325665004645,-32.63187517062267,-32.83569544316079,-33.03591695176782,-33.232663389443466,-33.426052137237846,-33.61619468917342,-33.803197041826834,-33.98716005205349,-34.16817976594265,-34.3463477217462,
###,###,-9.052496805491836,-10.69099793532992,-12.089309162564804,-13.313417516113791,-14.40449301895604,-15.39019027656334,-16.290092637744557,-17.118631866933942,-17.886781119882027,-18.60309706753527,-19.27439251508836,-19.906187617303924,-20.503022445842237,-21.06867947401054,-21.60634567430487,-22.118733031814756,-22.60816974389525,-23.076670326720077,-23.525990265076967,-23.9576691500945,-24.373065116804035,-24.77338261933556,-25.15969504278085,-25.532963269520614,-25.89405104393801,-26.243737779966033,-26.582729308770308,-26.91166695405718,-27.231135239650605,-27.541668470853782,-27.843756382558873,-28.13784900939832,-28.424360903766733,-28.70367480432237,-28.976144839143526,-29.242099332984413,-29.50184327623025,-29.755660503565366,-30.003815622571146,-30.246555726091355,-30.4841119169585,-30.71670066934096,-30.944525047376466,-31.167775798757553,-31.38663233842798,-31.601263635437437,-31.81182901422592,-32.018478880099835,-32.22135537738376,-32.420592987640646,-32.61631907441915,-32.808654380186795,-32.99771348041896,-33.183605199219144,-33.366432990331276,-33.54629528695977,-33.72328582342356,###,
###,###,-9.136888034449786,-10.752060392966289,-12.127496197606835,-13.329836238068548,-14.400401557741388,-15.366825935746018,-16.248613138089755,-17.06009909722911,-17.812161459222757,-18.51326795716844,-19.17015098425692,-19.788258959150788,-20.37206831737295,-20.925305171419787,-21.451106545692227,-21.952140078306233,-22.430694492919056,-22.888749068145124,-23.328027736575358,-23.750041749340518,-24.15612370822467,-24.54745499355537,-24.9250880782595,-25.289964838343288,-25.64293169727404,-25.98475224325707,-26.31611781212723,-26.637656419498732,-26.949940343597028,-27.25349259758972,-27.54879248211337,-27.836280371384554,-28.116361857118644,-28.38941135150808,-28.655775232284885,-28.915774598336164,-29.169707692638124,-29.41785203981169,-29.66046633790645,-29.89779213772569,-30.13005533783486,-30.357467519122526,-30.580227139240534,-30.79852060429576,-31.012523232695393,-31.22240012397053,-31.428306943652572,-31.630390633793475,-31.828790057462854,-32.02363658448114,-32.21505462473027,-32.40316211459675,-32.58807096142459,-32.769887450271646,-32.94871261675753,-33.1246425893533,###,###,
###,###,-9.218295399899839,-10.810786012182101,-12.164123328492298,-13.345509043180934,-14.396374819451871,-15.344315398412704,-16.20874699842487,-17.00390675452517,-17.740576348015548,-18.427135381977603,-19.070237258424868,-19.675260346727455,-20.246619211823,-20.78798534932649,-21.302447505739437,-21.792630543711734,-22.260785176403854,-22.708856798731127,-23.138539039250713,-23.55131595760364,-23.948495678291913,-24.33123747867692,-24.700573812509116,-25.057428371475826,-25.402631015683347,-25.736930206572197,-26.061003430396433,-26.375465992088554,-26.680878477744578,-26.97775312188578,-27.266559267967178,-27.54772807365471,-27.821656583525034,-28.08871126911577,-28.349231118232698,-28.60353034103192,-28.851900748835586,-29.09461385229397,-29.331922717910707,-29.56406361573714,-29.791257485941458,-30.01371124774515,-30.231618970726892,-30.44516292558358,-30.65451452900315,-30.859835195259492,-31.061277105415314,-31.25898390355932,-31.453091328265486,-31.64372778640589,-31.831014875545954,-32.01506786037696,-32.195996107975354,-32.3739034861034,-32.54888872826962,###,###,###,
###,###,-9.296865444604034,-10.867301705699111,-12.199281777765306,-13.360484412014614,-14.392415845215861,-15.322615782250043,-16.170406081719253,-16.949922713182637,-17.671851233002176,-18.344484047805963,-18.97439701913417,-19.566900129502194,-20.12634778439148,-20.65635853629532,-21.159974446634735,-21.639779094620277,-22.097986567548723,-22.53650965458052,-22.957012856085317,-23.36095412046192,-23.74961808684567,-24.124142840599493,-24.485541653460324,-24.834720802868997,-25.172494294755758,-25.49959611775928,-25.816690512432487,-26.124380631460454,-26.423215885975104,-26.713698211500148,-26.99628743981217,-27.271405926410658,-27.53944255471762,-27.80075621564463,-28.05567884334344,-28.304518073736062,-28.54755958099855,-28.785069137943104,-29.017294438743075,-29.24446671631794,-29.466802181660707,-29.684503308237964,-29.897759981146866,-30.10675052784622,-30.311642644878855,-30.512594232988334,-30.70975415133448,-30.903262900076385,-31.093253239370007,-31.27985075179004,-31.463174354296232,-31.643336765103708,-31.820444930160953,-31.994600413376002,###,###,###,###,
###,###,-9.372735972261465,-10.92172570917567,-12.23305596713811,-13.374806803191532,-14.38852686272733,-15.301686774993357,-16.13350823867797,-16.898024208442187,-17.605824206685035,-18.265114479484453,-18.882394817135957,-19.462908449219615,-20.010951278636107,-20.530090521076247,-21.023323072525546,-21.493192646296187,-21.941878015250087,-22.37126057028612,-22.78297679251689,-23.17845953632354,-23.5589708883573,-23.925628597847478,-24.27942754035622,-24.621257301404384,-24.95191669753824,-25.27212585728604,-25.582536340999006,-25.88373967184085,-26.176274569898368,-26.460633120368467,-26.73726605996126,-27.00658732942341,-27.26897801180402,-27.52478975384227,-27.774347750232938,-28.01795335646861,-28.255886384671108,-28.4884071277093,-28.715758149494334,-28.93816587329437,-29.15584199494454,-29.368984743730287,-29.577780010324684,-29.78240235833414,-29.98301593363939,-30.179775283736976,-30.372826097610222,-30.562305875245727,-30.748344534708817,-30.93106496366969,-31.110583521395736,-31.287010496478086,-31.46045052491484,###,###,###,###,###,
###,###,-9.446036623643524,-10.974168281347733,-12.265524126140507,-13.388517054655342,-14.38470941965966,-15.281490470725794,-16.09797683556124,-16.848097054810555,-17.542344921397472,-18.188841639201783,-18.794012405609898,-19.36303529949502,-19.900149324349936,-20.408871900684648,-20.892156209508155,-21.352507445937093,-21.79207031156028,-22.212695941055376,-22.61599384321189,-23.003372737351047,-23.376073036033898,-23.73519295742729,-24.08170971949806,-24.416496894248276,-24.740338732822753,-25.053942078414348,-25.357946341432125,-25.652931905472247,-25.93942725299651,-26.217915039137058,-26.48883729566367,-26.752599911265595,-27.009576506308274,-27.26011179821623,-27.50452453620641,-27.743110070198234,-27.97614260757435,-28.20387720246004,-28.426551514876547,-28.644387371150753,-28.85759215206307,-29.066360031171513,-29.270873082400023,-29.47130227318991,-29.66780835718219,-29.86054267844207,-30.049647897587455,-30.235258648790385,-30.417502135435576,-30.59649867121412,-30.77236217256819,-30.945200607666003,###,###,###,###,###,###,
###,###,-9.51688941555714,-11.024732340365713,-12.296758837781443,-13.401652738546579,-14.380964496035137,-15.261991215082361,-16.063740323014407,-16.800034938253454,-17.48127360978784,-18.115493683173554,-18.709047242536748,-19.267048784208793,-19.793681962587765,-20.29241588264748,-20.766161395470146,-21.217386460161116,-21.648202886477335,-22.060432634039167,-22.455659228736632,-22.835268159845317,-23.200478993865115,-23.55237117608091,-23.89190496186125,-24.219938547617375,-24.53724220549958,-24.844510033250707,-25.14236978918667,-25.43139117716341,-25.7120928674114,-25.984948479164142,-26.250391705054078,-26.50882072171528,-26.760602003323193,-27.0060736330275,-27.245548189996256,-27.47931527605009,-27.707643734842506,-27.930783607644177,-28.148967862566295,-28.36241392816179,-28.57132505750315,-28.77589154484787,-28.97629181369494,-29.172693392286376,-29.36525379030822,-29.554121288616702,-29.73943565218927,-29.921328775128142,-30.09992526537576,-30.275342975810933,-30.44769348754543,###,###,###,###,###,###,###,
###,###,-9.58540924421366,-11.073514042657933,-12.32682752856739,-13.414248475746518,-14.377292598977242,-15.243155459409232,-16.030731842196182,-16.753738774557,-17.422480200124095,-18.044910841123453,-18.627311142952856,-19.174733551786435,-19.691307871444995,-20.18045631170753,-20.645048716936003,-21.08751703090618,-21.50994129145315,-21.914115307621554,-22.301597558409856,-22.673751158057343,-23.031775608413437,-23.376732296711936,-23.709565170468856,-24.03111765108387,-24.3421465834693,-24.643333827648163,-24.935295957837567,-25.218592430241188,-25.493732502456286,-25.761181127972556,-26.02136400371547,-26.274671913397047,-26.52146448200947,-26.76207343525024,-26.996805440619077,-27.225944593339975,-27.44975459936675,-27.668480698938687,-27.882351367016966,-28.091579821108986,-28.296365362211358,-28.49689457066325,-28.69334237544061,-28.885873012707147,-29.074640887171388,-29.259791347895302,-29.44146138859944,-29.61978028115386,-29.79487014979581,-29.966846492636485,###,###,###,###,###,###,###,###,
###,###,###,-11.120603309993985,-12.355792909275886,-13.42633621526991,-14.373693842687969,-15.224951623761399,-15.998888864813368,-16.70911612706199,-17.365843516205352,-17.97694440499845,-18.548629064242547,-19.08588938537972,-19.592802769600937,-20.072745895137395,-20.52854886435779,-20.962608768619525,-21.376974938077712,-21.773414002847304,-22.153460281372247,-22.51845532144994,-22.8695792984814,-23.2078762163488,-23.53427433223359,-23.849602858587655,-24.154605732841006,-24.44995305534795,-24.736250656678045,-25.014048151890655,-25.283845761768646,-25.546100122085402,-25.801229256877672,-26.049616856847095,-26.29161597686405,-26.527552245224545,-26.757726660446874,-26.982418037959295,-27.2018851582592,-27.416368659435353,-27.62609270989508,-27.831266491385676,-28.032085517682898,-28.228732810430795,-28.421379950397725,-28.610188019735855,-28.795308448593527,-28.97688377755374,-29.15504834579262,-29.329928913514795,###,###,###,###,###,###,###,###,###,###,
